{ "week" : 1 ,
  "total_points" : 20,
  "questions" : [
    {
      "question" : 1,
      "java_file": "Question_1_Miles_From_MCTC",
      "test_files": ["week_1.Question_1_MilesFromMCTC_Test"],
      "points": 3
    },

    {
      "question" : 2,
      "java_file": "Question_2_Quiz_Question",
      "test_files": ["week_1.Question_2_QuizQuestion_Test"],
      "points": 3
    },

    {
      "question" : 3,
      "java_file": "Question_3_NASA_Astronauts",
      "test_files": ["week_1.Question_3_NASAAstronaut_Test"],
      "points": 3
    },

    {
      "question" : 4,
      "java_file": "Question_4_Mail_Prices",
      "test_files": ["week_1.Question_4_MailPrices_Test"],
      "points": 3
    },

    {
      "question" : 5,
      "java_file": "Question_5_Parcel_Delivery",
      "test_files": ["week_1.Question_5_ParcelDelivery_Test"],
      "points": 4
    },

    {
      "question" : 6,
      "java_file": "Question_6_Windows_10_Install",
      "test_files": ["week_1.Question_6_Windows10Upgrade_Test"],
      "points": 4
    }

  ]
}